elapsed_s,decoded_fps,drawn_unique_fps,output_mean_ms,copy_mean_ms,bitmap_mean_ms,max_copy_ms
7.004615999991074,23.56432557462131,23.764023248982507,0.2239488047484498,0.6713576958183263,0.6331172298198029,6.617791601456702
12.007428041659296,23.986509787000752,23.986509787000752,0.2905788191128522,1.0224781222253416,0.6084743033473691,11.340374941937625
17.013466583332047,23.77129121347846,23.77129121347846,0.3091288493758365,0.9520476216356418,0.6998102210008171,6.79062504786998
22.013947291648947,23.797712048379033,23.597731274863243,0.2033259835047256,0.8876183463510972,0.6158840959938634,5.035375012084842
27.023298416635953,23.75557173591194,23.55594508266898,0.2321355023319606,1.2102657567099238,0.5916635116499638,40.564749971963465
32.03376391669735,23.550706016946727,23.75028827132763,0.25872104718365657,0.788490115309734,0.9811288831060974,4.12029167637229
37.043975249980576,23.751493117560482,23.751493117560482,0.22892262336618008,0.9032209304028324,0.673322838598064,6.739166681654751
42.04646787501406,23.98804136151961,23.98804136151961,0.24081873901498815,1.0026999972372626,0.5770132013518984,12.537291622720659
47.047919416683726,23.59315071172464,23.59315071172464,0.2499925834916027,0.9380755669800407,0.592527542089633,7.480333326384425
52.05707829166204,23.75648346759919,23.75648346759919,0.2894180644882702,0.8370486712239745,0.7587352967155832,6.00404164288193
57.060870208311826,23.582115716555432,23.582115716555432,0.27415889583654324,0.8824858755283689,0.7157711888331983,5.781708285212517
62.0645237499848,23.78262184000299,23.78262184000299,0.2355132977861692,0.9111964306207139,0.6354565804573793,4.927749978378415
67.07362783327699,23.756743326001796,23.55710682746397,0.23471989019327805,0.7948620418994492,0.7336999274038968,5.959083326160908
72.07588291668799,23.789270642083046,23.989180479411477,0.2186435613264682,0.997943985628105,0.6466638639240581,9.062916622497141
77.08637908333912,23.750142908409003,23.750142908409003,0.24771953428148472,0.8540843846276402,0.6129730350001394,3.952625091187656
82.08981712500099,23.783646166721546,23.583783593891955,0.19720203278414092,1.1354401236118263,0.7806638688115137,15.04570827819407
87.09495454165153,23.575776282874987,23.775570997136636,0.2231723175115757,0.9035628586928597,0.8993312071266947,4.573625046759844
92.10162299999502,23.768300415756425,23.568566798817297,0.2459943971494917,0.871216386220097,0.8001901256311842,4.854041617363691
97.10169612499885,23.799651930072258,23.999649005114883,0.18680671683880462,0.8877752076818788,0.6906561633697202,4.529583384282887
102.111232666648,23.754692477165797,23.754692477165797,0.24830321820468462,0.9228532846250078,0.668198531571807,5.313416593708098
107.11997208336834,23.758472960831245,23.758472960831245,0.20448110035049313,0.9119751395563743,0.7510245024390957,7.434416678734124
112.12826324999332,23.760599382282393,23.760599382282393,0.2474726809720908,0.862138661822038,0.6895868328767789,3.8943332619965076
